22,Tony Adams,26,S,,,203,5-11,Illinois,1/24/1999,3,,,AdamTo03
,Braelon Allen,21,RB,,,235,6-1,Wisconsin,1/20/2004,1,,New York Jets / 4th / 134th pick / 2024,AlleBr05
53,Zaire Barnes,26,LB,,,227,6-1,Western Michigan,9/3/1999,2,,New York Jets / 6th / 184th pick / 2023,BarnZa00
94,Tyler Baron,24,DE,,,260,,TennesseeMiami (FL),10/22/2001,Rook,,New York Jets / 5th / 176th pick / 2025,BaroTy00
47,Andrew Beck,29,TE,,,255,6-3,Texas,5/15/1996,6,,,BeckAn01
29,Jarrick Bernard-Converse,25,CB,,,205,6-1,Oklahoma St.LSU,4/29/2000,2,,New York Jets / 6th / 204th pick / 2023,BernJa01
17,Kris Boyd,29,CB,,,201,5-11,Texas,9/12/1996,6,,Minnesota Vikings / 7th / 217th pick / 2019,BoydKr00
30,Michael Carter II,26,S,,,184,5-10,Duke,3/8/1999,4,,New York Jets / 5th / 154th pick / 2021,CartMi02
8,Andre Cisco,25,DB,,,210,6-0,Syracuse,3/23/2000,4,,Jacksonville Jaguars / 3rd / 65th pick / 2021,CiscAn00
35,Dean Clark,,S,,,206,6-1,Fresno State,,Rook,,,-9999
33,Jordan Clark,24,CB,,,184,5-9,Notre Dame,4/22/2001,Rook,,,-9999
72,Micheal Clemons,28,DT,,,263,6-5,Cisco (TX)Texas A&M,8/21/1997,3,,New York Jets / 4th / 117th pick / 2022,ClemMi03
4,Brady Cook,,QB,,,215,,Missouri,,Rook,,,CookBr03
46,Bump Cooper,24,CB,,,192,5-11,San MateoOregon St.,8/31/2001,1,,,CoopBu00
6,Malachi Corley,23,WR,,,215,5-11,Western Kentucky,3/21/2002,1,,New York Jets / 3rd / 65th pick / 2024,CorlMa00
93,Byron Cowart,29,DL,,,300,6-3,Maryland,5/20/1996,6,,New England Patriots / 5th / 159th pick / 2019,CowaBy00
32,Isaiah Davis,23,RB,,,220,6-1,South Dakota St.,2/21/2002,1,,New York Jets / 5th / 173rd pick / 2024,DaviIs00
52,Jamin Davis,27,LB,,,234,6-3,Kentucky,12/12/1998,4,,Washington Football Team / 1st / 19th pick / 2021,DaviJa11
40,Donovan Edwards,22,RB,,,212,,Michigan,2/25/2003,Rook,,,EdwaDo01
74,Olumuyiwa Fashanu,23,OL,,,312,6-6,Penn St.,12/9/2002,1,,New York Jets / 1st / 11th pick / 2024,FashOl00
7,Justin Fields,26,QB,,,227,6-3,GeorgiaOhio St.,3/5/1999,4,,Chicago Bears / 1st / 11th pick / 2021,FielJu00
97,Michael Fletcher,,DE,,,275,6-6,Appalachian State,,Rook,,,-9999
18,Nick Folk,41,K,,,225,6-1,Arizona,11/5/1984,18,,Dallas Cowboys / 6th / 178th pick / 2007,FolkNi20
50,Liam Fornadel,26,G,,,312,6-4,James Madison,6/17/1999,Rook,,,FornLi00
1,Sauce Gardner,25,CB,,,190,6-3,Cincinnati,8/31/2000,3,,New York Jets / 1st / 4th pick / 2022,GardSa00
3,Xavier Gipson,24,WR,,,189,5-9,S.F. Austin,3/8/2001,2,,,GipsXa00
43,Mario Goodrich,25,CB,,,186,6-0,Clemson,1/12/2000,2,,,GoodMa02
20,Breece Hall,24,RB,,,217,5-11,Iowa St.,5/31/2001,3,,New York Jets / 2nd / 36th pick / 2022,HallBr03
77,Marquis Hayes,26,OL,,,318,6-5,Oklahoma,2/14/1999,Rook,,Arizona Cardinals / 7th / 257th pick / 2022,HayeMa00
42,Thomas Hennessy,31,LS,,,246,6-2,Duke,6/11/1994,8,,,HennTh00
68,Samuel Jackson,27,OL,,,325,6-5,UCF,12/29/1998,Rook,,,-9999
11,Jermaine Johnson II,26,LB,,,254,6-5,Independence (KS)GeorgiaFlorida St.,1/7/1999,3,,New York Jets / 1st / 26th pick / 2022,JohnJe07
86,Neal Johnson,24,TE,,,250,6-4,Louisiana,8/3/2001,Rook,,,JohnNe00
16,Tyler Johnson,27,WR,,,208,6-1,Minnesota,8/25/1998,5,,Tampa Bay Buccaneers / 5th / 161st pick / 2020,JohnTy00
57,Kingsley Jonathan,27,DE,,,260,6-4,Syracuse,4/28/1998,3,,,JonaKi00
88,Zack Kuntz,26,TE,,,251,6-8,Penn St.Old Dominion,6/6/1999,2,,New York Jets / 7th / 220th pick / 2023,KuntZa00
10,Allen Lazard,30,WR,,,227,6-5,Iowa St.,12/11/1995,7,,,LazaAl00
60,Kohl Levao,27,OL,,,324,6-5,Hawai'i,2/21/1998,Rook,,,LevaKo00
15,Adrian Martinez,25,QB,,,220,6-2,NebraskaKansas St.,1/7/2000,Rook,,,MartAd00
98,Phidarian Mathis,27,DT,,,312,6-4,Alabama,4/26/1998,3,,Washington Commanders / 2nd / 47th pick / 2022,MathPh00
51,Francisco Mauigoa,22,LB,,,230,,Washington St.Miami (FL),3/17/2003,Rook,,New York Jets / 5th / 162nd pick / 2025,MauiFr00
31,Tanner McCalister,25,S,,,191,5-11,Oklahoma St.Ohio St.,1/27/2000,2,,,McCaTa00
41,Marcelino McCrary-Ball,26,LB,,,214,6-0,Indiana,3/23/1999,2,,,McCrMa01
9,Will McDonald,26,DE,,,236,6-4,Iowa St.,6/4/1999,2,,New York Jets / 1st / 15th pick / 2023,McDoWi00
55,Braiden McGregor,24,DE,,,267,6-6,Michigan,7/12/2001,1,,,McGrBr00
14,Austin McNamara,,P,,,195,6-4,Texas Tech,,Rook,,,McNaAu00
70,Armand Membou,21,OL,,,314,,Missouri,3/27/2004,Rook,,New York Jets / 1st / 7th pick / 2025,MembAr00
45,Harrison Mevis,23,K,,,243,5-11,Missouri,3/27/2002,Rook,,,MeviHa00
35,Dymere Miller,,WR,,,184,,Rutgers,,Rook,,,MillDy00
61,Max Mitchell,26,T,,,307,6-6,Louisiana,10/12/1999,3,,New York Jets / 4th / 111th pick / 2022,MitcMa02
25,Jarius Monroe,25,S,,,205,6-2,Nicholls St.Tulane,10/6/2000,1,,,MonrJa00
27,Malachi Moore,24,SAF,,,201,,Alabama,9/13/2001,Rook,,New York Jets / 4th / 130th pick / 2025,MoorMa04
62,Fatorma Mulbah,,DL,,,306,6-4,West Virginia,,Rook,,,-9999
71,Josh Myers,27,C,,,310,6-5,Ohio St.,7/16/1998,4,,Green Bay Packers / 2nd / 62nd pick / 2021,MyerJo00
65,Xavier Newman-Johnson,26,OL,,,297,6-2,Baylor,8/4/1999,3,,,NewmXa00
91,Derrick Nnadi,29,DT,,,317,6-1,Florida St.,5/9/1996,7,,Kansas City Chiefs / 3rd / 75th pick / 2018,NnadDe00
34,Kene Nwangwu,27,RB,,,210,6-1,Iowa St.,2/9/1998,4,,Minnesota Vikings / 4th / 119th pick / 2021,NwanKe00
79,Chukwuma Okorafor,28,OT,,,320,6-6,Western Michigan,8/8/1997,7,,Pittsburgh Steelers / 3rd / 92nd pick / 2018,OkorCh00
26,Isaiah Oliver,29,CB,,,202,6-0,Colorado,9/30/1996,7,,Atlanta Falcons / 2nd / 58th pick / 2018,OlivIs00
69,Payton Page,,DT,,,300,6-4,Clemson,,Rook,,,-9999
36,Jamaal Pritchett,,WR,,,175,,South Alabama,,Rook,,,PritJa00
83,Josh Reynolds,30,WR,,,192,6-3,Texas A&M,2/16/1995,8,,Los Angeles Rams / 4th / 117th pick / 2017,ReynJo00
89,Jeremy Ruckert,25,TE,,,250,6-5,Ohio St.,8/11/2000,3,,New York Jets / 3rd / 101st pick / 2022,RuckJe00
44,Jamien Sherwood,25,DB,,,216,6-2,Auburn,1/12/2000,4,,New York Jets / 5th / 146th pick / 2021,SherJa00
76,John Simpson,28,LG,,,330,6-4,Clemson,8/19/1997,5,,Las Vegas Raiders / 4th / 109th pick / 2020,SimpJo00
49,Jackson Sirmon,25,LB,,,240,6-2,California,4/15/2000,Rook,,,SirmJa00
39,Quentin Skinner,,WR,,,195,,Kansas,,Rook,,,SkinQu00
84,Stone Smartt,27,TE,,,226,6-4,Northern ArizonaRiverside CCOld Dominion,10/4/1998,3,,,SmarSt00
48,Aaron Smith,,LB,,,230,,South Carolina St.,,Rook,,,SmitAa00
82,Arian Smith,24,WR,,,185,,Georgia,10/11/2001,Rook,,New York Jets / 4th / 110th pick / 2025,SmitAr01
87,Brandon Smith,27,WR,,,220,6-2,Iowa,12/10/1998,1,,,SmitBr07
21,Brandon Stephens,28,CB,,,215,6-1,UCLASMU,12/29/1997,4,,Baltimore Ravens / 3rd / 104th pick / 2021,StepBr01
37,Qwan'tez Stiggers,23,CB,,,197,6-0,None,1/8/2002,1,,New York Jets / 5th / 176th pick / 2024,StigQw00
96,Leonard Taylor,26,TE,,,305,6-3,Miami (FL),8/26/1999,1,,,TaylLe01
85,Mason Taylor,21,TE,,,253,,LSU,5/8/2004,Rook,,New York Jets / 2nd / 42nd pick / 2025,TaylMa02
2,Tyrod Taylor,36,QB,,,217,6-1,Virginia Tech,8/3/1989,14,,Baltimore Ravens / 6th / 180th pick / 2011,TaylTy00
23,Azareye'h Thomas,21,CB,,,194,,Florida St.,7/6/2004,Rook,,New York Jets / 3rd / 73rd pick / 2025,ThomAz00
66,Joe Tippmann,24,OL,,,313,6-6,Wisconsin,3/24/2001,2,,New York Jets / 2nd / 43rd pick / 2023,TippJo00
38,Lawrance Toafili,,RB,,,185,6-0,Florida State,,Rook,,,-9999
78,Jay Tufele,26,DT,,,305,6-3,USC,7/25/1999,4,,Jacksonville Jaguars / 4th / 106th pick / 2021,TufeJa00
75,Alijah Vera-Tucker,26,OL,,,308,6-5,USC,6/17/1999,4,,New York Jets / 1st / 14th pick / 2021,VeraAl00
67,Carter Warren,26,OL,,,311,6-5,Pittsburgh,1/19/1999,2,,New York Jets / 4th / 120th pick / 2023,WarrCa00
58,Eric Watts,25,DL,,,277,6-5,Connecticut,10/1/2000,1,,,WattEr00
99,Rashad Weaver,28,DL,,,259,6-4,Pittsburgh,11/10/1997,4,,Tennessee Titans / 4th / 135th pick / 2021,WeavRa00
54,Ja'Markis Weston,,LB,,,235,6-2,Florida,,Rook,,,-9999
64,Leander Wiegand,26,OL,,,291,6-5,UCF,8/24/1999,Rook,,,-9999
56,Quincy Williams,29,LB,,,230,5-11,Murray St.,8/28/1996,6,,Jacksonville Jaguars / 3rd / 98th pick / 2019,WillQu01
95,Quinnen Williams,28,DL,,,303,6-3,Alabama,12/21/1997,6,,New York Jets / 1st / 3rd pick / 2019,WillQu00
5,Garrett Wilson,25,WR,,,183,6-0,Ohio St.,7/22/2000,3,,New York Jets / 1st / 10th pick / 2022,WilsGa00
81,Pokey Wilson,,WR,,,175,6-0,Florida State,,Rook,,,WilsPo00
19,Irvin Charles (PUP),28,WR,,,219,6-4,Penn St.Indiana (PA),4/13/1997,2,,,CharIr00
,Gus Hartwig (IR),,C,,,305,,Purdue,,Rook,,,HartGu00